Title,Readers,Suggested,Minimum
Platform Strategy,2258,26.00,16.00
CCIE Service Provider Version 4 Written and Lab Exam Comprehensive Guide,879,300.00,200.00
The Hundred-Page Machine Learning Book,0,20.00,40.00
OpenIntro Statistics,385558,109.33,109.33
CCIE SP v5.0,333,106.33,121.33
Rector - The Power of Automated Refactoring,181,103.33,133.33
Modern frontends with htmx,0,34.99,34.99
C++23 Best Practices,128,7.99,14.99
Least Squares & Regression: The Basics Using R (2nd Edition),57,25.00,30.00
A Guide to Artificial Intelligence in Healthcare,2976,12.49,24.90
Machine Learning Engineering,154874,49.99,0.00