Title,Readers,Suggested,Minimum
Platform Strategy,2258,26,16
CCIE Service Provider Version 4 Written and Lab Exam Comprehensive Guide,879,300,200
The Hundred-Page Machine Learning Book,0,20,40
OpenIntro Statistics,385558,109.33,109.33
CCIE SP v5.0,333,106.33,121.33
Rector - The Power of Automated Refactoring,181,103.33,133.33
Modern frontends with htmx,0,34.99,34.99
C++23 Best Practices,128,7.99,14.99
Least Squares & Regression: The Basics Using R (2nd Edition),57,25,30
A Guide to Artificial Intelligence in Healthcare,2976,12.49,24.9
Machine Learning Engineering,154874,49.99,0
